Student_ID,Study_Hours,Attendance,Previous_Score,Assignment_Score,Midterm_Score,Final_Score
STU00102,7.3,78.13,80.98,54.64,57.31,67.53
STU00261,2.32,88.54,90.44,68.2,50.12,68.2
STU00778,2.46,97.13,61.88,51.71,80.6,67.33
STU00110,9.12,97.28,78.54,84.05,53.0,79.61
STU00650,1.27,87.98,54.92,88.01,66.74,59.07
STU00736,7.28,55.14,85.66,44.22,85.13,69.03
STU00333,7.25,77.51,73.3,70.61,53.17,66.03
STU00050,2.26,96.48,75.11,91.55,86.53,76.45
STU00462,2.31,81.96,71.52,82.22,75.1,65.09
STU00981,9.9,89.24,57.2,80.67,,89.21
STU00454,2.56,56.75,59.25,66.92,88.24,71.29
STU00559,6.28,95.14,54.88,67.06,61.82,67.14
STU00156,7.05,51.2,81.57,60.63,54.2,55.83
STU00424,1.46,54.45,97.35,94.14,46.18,55.33
STU00882,6.42,60.01,42.02,78.16,62.38,68.78
STU00079,6.01,93.31,62.4,56.69,63.25,57.12
STU01141,4.18,58.52,93.33,52.57,81.56,63.45
STU00209,2.1,93.37,79.96,96.14,82.11,69.98
STU00293,9.32,82.41,92.54,70.95,60.62,87.46
STU00977,5.19,70.67,40.61,89.28,82.47,74.86
STU00129,1.93,63.52,89.75,82.58,83.0,58.87
STU01002,5.12,96.85,90.07,95.38,76.31,82.24
STU00733,2.0,88.83,45.9,44.06,71.13,51.43
STU00969,5.99,66.39,48.1,73.23,61.09,60.42
STU00919,3.74,55.41,45.13,85.79,45.9,59.59
STU01062,6.49,99.34,87.37,94.99,41.84,80.73
STU00175,2.48,98.72,72.71,87.55,74.93,70.52
STU01024,5.78,59.5,64.16,93.98,50.44,65.57
STU00583,1.94,63.04,45.97,81.97,87.0,61.72
STU01008,3.87,72.13,55.1,53.07,89.82,68.76
STU00672,6.17,71.99,97.84,68.71,43.78,75.46
STU00889,2.47,85.84,45.41,57.3,86.16,64.59
STU01075,8.69,93.45,73.16,79.61,49.94,70.93
STU01199,3.6,56.2,97.08,,91.67,81.79
STU00679,2.21,77.36,76.53,57.35,74.39,54.71
STU01198,6.9,59.47,92.97,68.75,88.96,77.26
STU00372,3.43,78.41,87.97,48.7,77.54,75.27
STU00045,8.49,67.87,68.88,43.11,63.69,65.4
STU00443,7.61,73.41,66.29,48.12,58.36,68.61
STU00579,8.65,67.3,82.97,79.24,52.98,75.75
STU00271,1.5,96.83,76.86,62.24,57.66,65.85
STU00479,6.71,93.83,71.74,49.37,50.67,63.7
STU00997,6.75,53.38,44.49,66.08,71.16,72.33
STU00159,7.54,84.51,67.82,95.67,61.65,75.58
STU00803,9.01,97.65,95.0,41.17,93.84,79.92
STU00077,3.64,59.66,48.58,59.32,53.31,52.83
STU00395,1.11,91.71,90.8,54.26,92.82,64.0
STU00071,2.93,98.54,66.78,61.6,66.01,62.98
STU00465,6.2,95.87,64.89,47.13,62.11,64.78
STU00345,8.04,73.37,61.63,50.67,59.87,71.43
STU00169,3.85,59.42,79.3,79.72,41.87,61.04
STU00573,5.34,81.55,47.69,99.74,41.81,65.12
STU00287,1.44,99.07,54.33,99.21,87.04,61.6
STU00888,2.18,67.44,65.26,46.73,51.72,48.87
STU00530,3.8,69.82,81.84,94.52,60.63,62.14
STU00436,2.82,70.59,78.59,63.56,77.62,65.46
STU00024,9.04,82.31,45.82,90.13,82.24,85.78
STU00524,6.41,78.18,80.45,63.11,42.47,74.53
STU00523,2.38,85.6,49.66,93.22,91.83,72.93
STU00124,4.74,89.33,77.57,,92.79,78.45
STU00044,3.81,52.76,72.37,50.59,65.74,55.66
STU00059,2.26,76.3,56.39,92.77,41.4,56.0
STU00232,4.77,80.61,69.79,77.26,91.1,71.88
STU00833,4.57,67.24,71.1,89.88,65.24,65.67
STU00618,4.12,73.63,45.49,44.27,97.6,61.04
STU00552,2.36,60.08,86.6,72.27,85.19,65.95
STU00498,6.63,89.76,52.24,77.31,54.48,62.53
STU01001,1.56,55.93,44.13,77.39,64.84,60.56
STU00234,6.36,57.88,77.81,68.21,71.49,73.46
STU00737,2.86,73.75,90.58,41.09,57.87,53.45
STU00219,9.35,94.95,89.38,81.15,76.05,82.02
STU00334,8.75,85.25,60.05,42.16,68.67,67.15
STU00114,6.21,50.23,45.81,85.26,96.47,70.07
STU01153,1.86,61.74,60.64,61.85,67.48,55.98
STU00813,9.94,56.99,87.44,84.55,57.21,86.24
STU00052,1.07,55.37,83.21,52.61,83.88,58.7
STU00480,4.71,76.37,40.06,67.04,83.88,59.63
STU00353,6.08,65.15,90.24,96.66,68.44,80.32
STU00411,6.99,62.65,42.7,55.83,67.07,62.39
STU00248,4.71,76.86,87.92,82.33,89.84,74.45
STU00756,3.05,98.54,59.9,81.49,92.74,73.55
STU00425,6.45,69.76,98.85,87.79,68.83,84.17
STU00421,6.91,60.4,57.27,53.3,46.14,59.46
STU00381,5.98,94.49,47.02,45.24,79.47,62.72
STU00055,7.35,56.1,77.49,59.06,45.2,61.66
STU00960,5.77,52.12,80.02,82.22,43.19,57.46
STU00723,1.32,73.86,59.88,77.11,65.77,58.07
STU00874,4.39,92.77,82.6,42.43,72.95,70.3
STU00057,5.13,87.71,76.37,49.51,67.78,68.53
STU00087,7.5,69.57,86.35,60.88,46.54,71.66
STU00653,7.04,75.01,78.91,51.21,84.85,63.03
STU00831,6.5,51.09,66.36,58.49,65.28,55.51
STU00359,5.43,82.15,80.45,46.36,67.31,73.35
STU01169,8.37,68.33,90.23,52.86,77.25,73.72
STU00185,7.95,97.94,40.23,71.49,58.43,72.29
STU00775,1.04,58.74,80.68,75.43,59.56,56.37
STU00275,7.13,75.98,74.92,99.94,99.06,80.19
STU00290,1.92,73.78,70.67,55.29,57.43,51.53
STU00241,8.46,61.82,83.0,80.95,54.44,69.35
STU00549,7.8,73.81,97.46,66.11,79.97,88.08
STU00199,2.77,78.37,96.55,64.92,61.19,63.29
STU00595,1.07,95.49,73.78,56.79,66.02,61.42
STU01004,2.37,59.3,94.43,79.1,73.86,69.93
STU00520,8.44,91.48,82.53,69.01,59.69,71.51
STU00860,5.65,52.59,42.58,89.47,84.8,72.34
STU00368,7.04,50.79,80.52,49.49,84.78,67.87
STU00840,5.63,88.19,59.32,58.11,73.76,75.73
STU00738,3.72,80.17,43.41,41.5,76.4,62.73
STU01061,9.58,84.92,67.07,81.17,76.1,79.34
STU00820,3.46,68.69,59.84,70.64,44.12,47.44
STU00954,2.45,89.96,59.74,80.54,85.17,69.28
STU01028,4.3,53.36,92.71,59.86,54.89,66.01
STU00299,8.02,67.38,63.6,48.01,89.68,72.06
STU01085,9.8,60.22,82.0,99.81,69.55,91.41
STU00108,3.45,83.45,96.22,80.21,47.3,75.14
STU00200,3.79,69.86,97.04,56.41,76.91,64.27
STU00804,6.34,82.54,78.96,56.39,94.62,74.85
STU00746,5.41,96.28,78.37,96.98,57.4,75.23
STU00621,8.0,96.4,63.6,50.9,63.09,67.74
STU00276,4.54,75.41,70.06,64.74,53.4,50.88
STU01184,2.59,50.43,83.35,75.12,60.19,60.68
STU00546,5.03,81.78,65.1,55.31,44.16,56.84
STU00082,4.66,70.43,54.09,50.26,75.81,46.29
STU00429,1.52,59.77,88.75,68.8,51.58,54.56
STU00859,4.41,56.55,73.92,42.7,48.0,60.46
STU01049,8.75,69.41,59.69,58.6,46.01,65.85
STU00987,4.07,90.91,72.94,70.35,92.75,59.32
STU00543,8.55,51.36,88.89,42.01,92.12,72.43
STU00719,6.88,79.97,56.24,91.22,48.73,57.9
STU00412,6.85,88.79,92.39,50.34,54.71,85.16
STU00266,2.49,83.64,88.35,59.45,70.78,68.41
STU00148,5.69,68.5,50.38,92.58,86.99,74.27
STU00808,2.56,57.08,43.75,62.54,75.88,49.98
STU00211,7.25,91.5,93.2,74.07,54.1,79.56
STU00712,7.07,58.93,55.31,87.88,72.23,63.7
STU00905,9.63,80.33,83.12,47.84,72.18,84.59
STU00527,9.63,67.41,81.04,71.13,76.14,75.57
STU00843,5.68,81.62,95.15,92.67,87.04,78.34
STU00925,2.49,68.93,76.26,84.0,88.03,61.44
STU00426,8.21,87.35,84.34,96.81,66.54,77.72
STU00711,9.95,50.55,58.11,71.22,46.07,71.33
STU00999,9.94,62.93,81.52,59.89,79.58,76.71
STU01147,7.74,93.13,68.8,66.59,43.42,66.03
STU01193,8.88,67.96,88.36,56.45,97.8,85.45
STU00363,2.05,94.49,46.03,81.69,47.54,57.31
STU00937,9.47,65.73,71.48,79.97,76.76,69.88
STU00324,5.82,88.03,64.62,95.38,73.26,68.5
STU00645,6.6,58.37,84.97,83.08,97.63,77.02
STU00986,9.29,58.5,81.11,86.14,84.25,67.86
STU00136,1.21,92.78,75.14,98.5,49.22,73.04
STU00630,8.22,74.68,62.68,55.35,76.06,68.01
STU00844,4.67,96.46,58.0,94.72,62.53,70.98
STU00486,4.77,61.92,53.31,95.39,46.74,59.35
STU00141,5.38,55.06,70.43,52.67,91.5,70.86
STU00606,8.04,84.13,86.47,85.06,83.76,84.75
STU00343,8.21,68.04,50.5,51.45,59.14,61.2
STU00589,2.72,92.82,49.62,44.18,67.33,60.28
STU00635,1.44,60.85,99.12,44.03,83.9,62.33
STU01138,4.82,68.48,75.53,42.97,63.63,62.28
STU00210,5.56,85.39,61.07,87.89,64.17,63.69
STU00431,9.35,73.97,53.32,70.65,88.01,76.72
STU00468,9.47,61.38,73.42,81.71,92.19,82.74
STU00332,2.82,56.36,57.93,75.17,50.51,52.8
STU00171,3.62,54.84,40.95,96.39,77.6,69.9
STU01038,4.67,66.01,59.34,81.39,70.76,58.17
STU00591,9.35,88.25,87.45,44.85,73.71,75.11
STU00539,2.49,76.56,54.68,82.56,89.77,72.81
STU01032,7.48,82.77,73.46,66.83,57.9,74.77
STU00164,1.34,52.0,70.99,54.92,54.62,52.58
STU00406,8.91,63.81,54.69,51.05,41.18,63.99
STU00941,3.38,94.78,60.41,42.92,83.17,63.04
STU00157,3.53,76.02,41.5,55.7,91.52,66.92
STU00315,4.3,94.73,91.63,63.75,47.0,62.83
STU00434,8.54,84.52,89.58,72.77,64.3,68.93
STU01118,8.12,88.2,50.33,75.42,86.63,68.5
STU00945,5.05,65.42,70.18,61.33,80.8,72.17
STU00876,8.99,76.54,89.19,79.27,94.23,91.48
STU00926,3.28,69.26,90.81,73.47,92.89,70.53
STU00899,2.67,56.2,68.75,91.37,91.25,73.62
STU00197,6.39,76.74,45.32,78.93,50.1,60.76
STU00193,2.1,55.88,79.15,41.4,82.23,57.47
STU00694,3.93,51.06,97.87,75.39,59.41,65.58
STU00701,3.17,79.09,97.19,68.31,50.27,67.13
STU00430,8.21,70.5,84.18,94.31,54.15,83.43
STU00328,5.79,73.92,48.2,89.72,52.83,62.64
STU00966,5.34,63.52,59.82,79.64,64.8,51.71
STU00244,5.78,53.17,91.78,76.49,63.88,69.93
STU00830,3.28,79.68,69.01,41.79,58.22,58.36
STU00978,4.6,91.2,94.92,44.74,72.94,69.44
STU00097,4.26,54.73,73.14,57.96,53.25,49.26
STU01081,3.2,71.01,66.53,96.65,58.69,62.33
STU00827,6.36,90.52,80.63,51.2,84.09,81.69
STU00179,9.03,81.71,47.34,85.48,88.71,89.54
STU00032,9.71,79.29,83.1,97.91,57.96,87.58
STU00868,8.18,98.56,85.8,79.51,93.51,79.29
STU00863,8.05,75.2,44.31,59.63,71.7,68.28
STU00448,6.5,89.8,43.85,55.9,52.09,52.71
STU00744,1.01,58.83,43.82,54.06,75.99,43.67
STU00574,7.92,94.11,95.84,57.7,75.84,80.95
STU00320,9.54,59.88,73.39,65.83,70.37,77.02
STU00632,8.4,98.11,43.87,41.97,66.57,65.4
STU00311,5.3,56.56,98.32,70.68,50.31,63.97
STU00089,2.45,72.55,46.65,76.91,63.63,46.0
STU00835,7.53,55.01,49.86,74.55,46.79,58.04
STU00918,2.24,51.98,46.11,57.91,99.81,66.41
STU00558,5.41,98.62,40.71,,65.0,59.27
STU00322,5.33,76.47,88.45,92.01,58.41,71.38
STU00866,9.14,96.51,53.68,49.08,81.76,72.78
STU00895,7.78,95.0,69.22,56.28,84.97,74.23
STU00399,5.13,90.6,80.77,60.38,85.2,71.34
STU00623,9.87,76.43,68.45,60.07,87.13,81.56
STU00459,8.06,69.96,84.87,63.71,65.6,65.65
STU00452,8.96,63.71,65.88,80.14,43.73,69.84
STU00221,3.71,85.24,92.65,86.11,95.17,82.52
STU00351,6.55,56.54,53.52,65.53,79.51,70.05
STU00680,4.29,78.04,56.04,82.0,99.93,76.83
STU00011,4.34,87.9,80.91,79.36,71.05,73.45
STU00812,1.15,64.33,82.08,43.14,82.65,50.48
STU01123,8.49,70.16,46.58,56.04,84.81,63.5
STU00702,3.9,51.09,51.73,82.83,70.41,57.97
STU00060,2.03,99.83,71.64,43.44,56.72,66.36
STU00696,5.77,58.85,42.85,64.18,55.03,54.36
STU00064,7.88,97.43,75.54,80.77,86.51,78.86
STU00291,8.5,53.02,96.92,48.55,64.73,63.69
STU00267,3.56,71.74,93.71,73.83,77.41,77.9
STU00708,8.05,53.59,78.79,60.66,64.0,61.28
STU00666,7.46,93.0,66.76,70.71,88.59,80.76
STU01053,3.48,68.94,40.06,47.57,41.42,37.71
STU00295,8.59,71.41,92.49,95.48,99.69,81.82
STU00245,6.45,59.76,57.46,97.55,54.75,65.15
STU00797,1.17,64.26,73.3,50.82,94.92,66.94
STU00585,9.26,62.32,43.98,95.13,54.28,76.76
STU01047,2.78,63.09,80.74,95.1,96.48,75.28
STU00590,1.22,53.89,76.62,69.59,95.81,66.14
STU01129,6.87,78.68,90.26,76.31,92.65,79.59
STU00947,7.39,54.72,87.73,98.8,50.99,76.55
STU00433,7.28,82.11,67.77,78.42,64.36,66.67
STU00910,3.65,58.14,44.29,59.28,76.97,66.77
STU00297,9.82,92.81,89.18,58.66,81.36,78.18
STU00410,9.99,71.63,49.95,76.73,44.39,56.45
STU00942,8.62,71.72,89.31,41.78,78.42,76.58
STU00848,7.14,77.35,88.11,69.36,44.88,76.22
STU01137,5.15,93.41,53.7,80.91,54.39,66.05
STU00567,7.87,99.49,59.23,41.16,65.67,73.78
STU00278,5.54,99.74,89.07,97.18,48.97,83.66
STU00802,3.85,72.32,95.36,84.8,44.04,65.79
STU00908,2.0,99.64,41.53,51.26,90.36,54.69
STU00383,8.02,70.08,78.27,74.87,40.19,74.79
STU00310,2.26,87.26,78.57,89.19,90.2,65.77
STU00528,9.96,93.26,75.29,68.76,95.27,88.51
STU00534,6.77,62.88,92.91,70.62,49.65,66.73
STU00084,2.5,81.66,60.3,69.22,60.42,50.28
STU00542,6.0,61.54,53.35,71.74,42.54,50.01
STU00629,6.0,96.08,76.15,73.4,95.67,86.01
STU00615,3.59,91.49,56.72,74.05,83.64,68.85
STU00130,6.29,58.03,77.88,85.42,57.2,72.75
STU00907,5.46,85.68,43.71,64.7,94.23,78.48
STU00439,7.71,62.29,62.3,62.73,66.26,73.89
STU00550,4.9,72.48,92.52,64.94,52.23,66.06
STU00819,6.6,80.72,56.84,40.13,76.34,66.97
STU00885,2.77,83.74,51.44,91.87,65.23,62.66
STU01151,2.3,52.81,91.82,51.8,60.82,55.03
STU00139,8.04,93.91,40.74,87.75,77.9,76.74
STU00932,4.34,87.83,56.5,59.03,93.18,65.53
STU00142,5.42,90.55,66.22,51.34,43.2,62.49
STU00553,2.63,,48.88,66.28,79.47,55.69
STU00627,8.14,75.78,56.02,76.19,97.04,74.4
STU01100,2.51,86.47,91.25,86.54,43.67,74.31
STU00140,1.74,68.72,70.58,66.47,51.27,54.79
STU00619,2.11,74.96,59.57,98.55,48.87,59.31
STU00845,1.85,99.05,46.89,46.58,77.36,55.75
STU00225,3.58,68.08,74.27,83.38,78.1,72.96
STU00724,9.64,67.98,67.25,43.53,80.41,69.34
STU00307,4.47,86.83,93.55,88.77,49.88,71.4
STU01014,9.55,74.12,43.26,68.02,82.99,76.59
STU00507,3.83,54.69,98.07,82.72,99.92,72.62
STU01175,5.54,68.25,59.34,40.36,98.14,68.83
STU00957,8.0,54.89,73.64,86.19,48.57,68.5
STU01056,7.07,76.1,86.94,92.21,89.25,81.72
STU00821,1.45,82.57,56.45,58.3,66.57,49.33
STU01051,7.01,76.7,81.51,90.66,99.69,88.44
STU00866,9.14,96.51,53.68,49.08,81.76,72.78
STU00584,4.59,57.68,76.38,69.06,51.34,68.59
STU01010,5.15,55.21,46.05,98.4,85.3,74.66
STU01200,7.61,77.76,66.3,85.48,89.13,76.12
STU00599,9.84,77.71,98.75,50.5,81.27,87.53
STU00309,3.4,60.77,50.22,72.82,70.6,65.34
STU01097,2.97,86.42,83.02,64.01,47.0,57.59
STU00847,4.56,72.25,60.73,62.88,74.82,67.92
STU01063,3.3,72.92,40.4,67.29,78.76,59.41
STU00040,7.03,56.73,85.37,72.06,49.36,64.48
STU00031,7.7,60.76,89.69,46.38,75.62,80.3
STU00243,3.09,57.68,74.49,79.16,58.97,62.38
STU00948,8.66,99.71,75.38,55.14,97.24,81.0
STU00137,9.63,59.38,86.89,55.3,61.83,72.33
STU00985,2.38,76.32,52.16,80.32,54.61,55.91
STU00773,6.31,86.66,82.65,70.72,70.07,74.67
STU00004,7.28,85.53,93.55,53.2,67.76,65.68
STU00631,9.32,73.42,87.39,98.57,61.44,76.34
STU01009,7.54,57.81,70.36,46.38,43.75,57.16
STU01088,7.86,88.21,84.77,67.18,49.48,75.74
STU00416,3.17,60.65,73.52,72.9,66.92,70.25
STU00826,1.16,69.7,88.47,62.76,76.46,57.87
STU01079,6.69,93.02,95.93,44.65,82.75,72.5
STU00562,3.19,58.46,98.19,56.81,44.64,58.87
STU00568,1.52,53.7,57.01,64.25,87.04,56.57
STU00382,9.43,65.72,46.2,66.46,63.09,72.58
STU00362,2.08,80.68,95.15,47.78,96.37,73.93
STU00006,9.78,52.47,54.84,40.24,83.78,73.11
STU00101,9.18,60.73,42.03,93.0,69.93,79.31
STU01071,8.88,81.45,66.35,49.45,78.23,73.12
STU00515,4.01,65.07,67.37,86.07,60.7,55.27
STU00483,6.29,87.47,72.98,83.76,99.17,77.41
STU00815,2.14,70.72,48.79,55.42,77.63,55.44
STU01043,6.9,68.44,42.43,68.43,56.24,56.1
STU01120,8.96,95.96,85.92,48.92,57.57,71.01
STU01073,5.0,87.73,73.14,42.09,47.17,65.95
STU00228,6.0,53.87,60.56,59.67,59.33,55.4
STU00482,2.96,91.03,45.61,56.45,58.16,51.73
STU00533,4.49,87.49,73.79,65.65,54.81,74.12
STU01170,1.83,76.07,58.41,82.56,87.95,74.82
STU00391,6.73,59.76,90.15,98.78,76.51,84.23
STU00067,6.03,58.52,89.65,52.67,57.6,66.63
STU00068,3.74,98.93,75.61,47.72,54.27,62.64
STU00329,6.7,57.37,63.61,48.33,95.0,67.09
STU00212,6.23,98.79,89.16,48.25,71.91,74.92
STU00013,6.79,78.06,65.01,76.9,70.46,65.1
STU00514,3.53,94.18,80.41,70.02,78.29,72.73
STU00655,8.68,92.49,76.88,90.77,95.9,83.11
STU00300,6.78,83.13,92.24,51.54,91.71,74.84
STU00428,8.64,59.44,53.2,79.78,40.27,58.04
STU00765,9.27,86.99,76.05,84.68,95.96,90.16
STU01080,4.01,82.42,73.86,92.48,56.86,58.59
STU00757,3.98,77.52,44.21,97.13,58.17,68.67
STU00495,8.09,83.9,99.2,53.16,85.74,84.76
STU01143,8.49,86.39,93.15,86.75,48.86,74.36
STU00364,1.79,95.43,58.95,56.43,64.91,57.26
STU00536,2.88,87.3,68.31,41.22,86.54,57.23
STU00463,9.51,89.15,59.06,49.69,49.29,67.75
STU01125,4.81,63.14,70.36,44.21,73.69,55.17
STU00949,8.87,88.5,86.43,83.54,98.12,91.29
STU00939,9.07,88.24,57.54,48.49,94.84,73.85
STU00274,6.32,74.88,68.31,47.19,70.34,64.69
STU00377,9.43,89.65,78.92,43.29,51.53,64.34
STU00238,8.06,75.79,52.56,42.4,51.41,59.02
STU00423,1.05,90.5,43.24,58.89,45.93,50.59
STU00003,8.73,91.43,85.18,70.07,42.76,69.96
STU00007,7.85,80.08,73.35,48.59,64.52,70.57
STU00312,4.75,59.93,54.84,68.47,76.73,56.58
STU01034,9.16,97.49,54.87,56.28,79.2,70.85
STU00356,5.7,88.16,87.85,75.6,40.22,64.69
STU00494,3.85,86.83,76.62,51.19,80.09,66.32
STU00216,7.65,89.79,69.66,63.42,57.48,65.55
STU00865,1.94,71.18,60.32,50.5,52.6,56.46
STU00028,1.39,73.8,81.51,80.35,64.84,62.46
STU01163,8.41,73.88,94.27,95.32,69.85,83.28
STU00378,4.94,92.39,70.84,48.36,40.26,55.85
STU00695,9.18,65.82,67.93,88.57,91.63,85.06
STU00789,8.19,99.37,48.6,83.21,69.37,79.44
STU00754,5.32,98.51,47.43,43.12,50.57,59.98
STU00472,5.27,80.95,67.46,78.83,92.51,66.71
STU00742,2.01,72.74,50.38,47.48,72.98,54.91
STU00544,9.91,97.93,50.12,62.98,74.95,80.03
STU00355,5.19,61.8,92.92,44.14,43.77,58.17
STU01055,3.55,98.31,99.45,65.0,42.6,65.46
STU00962,4.91,63.26,60.77,54.56,94.65,71.62
STU00257,8.35,61.3,63.67,88.26,72.96,71.66
STU00292,1.47,91.11,62.88,79.8,85.53,67.03
STU00026,2.75,94.51,83.54,73.64,64.13,78.36
STU00337,1.86,89.11,50.89,60.56,43.32,47.87
STU00102,7.3,78.13,80.98,54.64,57.31,67.53
STU00048,3.59,60.27,64.26,63.36,79.35,68.91
STU00319,3.67,57.72,40.73,79.63,43.23,51.48
STU00107,5.04,79.87,96.42,59.88,92.77,77.71
STU00807,7.24,74.46,40.22,95.15,43.45,63.06
STU00056,8.03,92.62,72.25,44.98,96.97,78.57
STU01091,3.16,98.6,75.3,68.3,97.99,80.43
STU00214,8.24,97.17,86.37,43.7,83.57,65.29
STU00121,6.26,74.82,49.79,78.3,63.38,64.41
STU00571,4.05,79.01,68.15,97.72,48.72,65.06
STU01033,5.58,54.7,99.08,59.56,59.97,65.6
STU00529,7.95,51.54,61.91,87.91,66.27,69.25
STU00073,8.68,69.88,83.4,57.78,81.75,68.26
STU00722,4.9,65.01,59.94,73.05,54.97,62.29
STU00755,7.15,95.3,51.17,93.55,79.73,78.35
STU00842,8.16,89.38,73.78,58.88,87.82,86.45
STU00753,3.18,88.15,61.23,79.36,61.01,72.5
STU00903,1.41,90.35,55.36,77.08,43.8,53.56
STU00880,6.23,51.55,46.32,98.21,62.2,71.8
STU00561,1.76,66.61,87.84,71.43,78.68,52.64
STU00824,6.97,62.41,81.73,53.71,76.87,60.86
STU00739,4.55,62.28,86.61,70.68,62.16,70.19
STU01156,1.61,89.78,87.95,72.69,78.46,72.34
STU00326,6.87,58.76,84.45,73.6,42.51,64.93
STU00935,7.95,75.21,62.0,70.19,49.35,64.13
STU00317,4.42,55.54,70.19,71.12,76.09,51.64
STU00980,2.69,98.49,97.26,44.52,45.26,57.29
STU00837,7.83,97.12,97.25,89.72,55.75,80.3
STU00537,5.73,94.29,59.3,70.18,81.7,67.52
STU00693,3.12,77.7,91.02,44.5,54.23,56.19
STU00817,8.92,63.98,61.29,72.08,66.43,72.96
STU00555,1.4,67.48,71.07,74.85,94.26,73.55
STU00061,7.02,52.21,92.38,52.76,70.32,81.67
STU00731,3.81,82.2,65.61,46.11,60.59,62.26
STU00093,5.02,77.72,43.06,45.54,66.53,55.56
STU00867,8.79,75.12,51.33,49.93,55.43,71.86
STU00586,6.68,92.1,54.48,88.41,86.75,77.9
STU00352,2.54,71.94,83.44,97.54,45.28,65.36
STU00944,4.72,90.32,46.21,69.61,93.82,68.21
STU00281,1.39,71.09,88.03,83.05,50.47,71.23
STU00491,7.32,89.34,48.79,46.06,59.93,72.66
STU00414,9.07,68.92,42.4,42.58,94.66,68.11
STU00360,6.4,93.36,71.51,63.76,58.11,67.38
STU00440,6.67,86.49,42.74,89.29,73.89,68.0
STU00582,5.78,89.83,56.69,47.64,81.8,66.54
STU01168,5.85,70.93,68.97,74.18,57.19,68.05
STU00535,1.1,93.33,80.01,70.56,61.47,69.16
STU00732,1.46,80.52,94.07,96.38,90.49,83.1
STU00747,4.0,60.07,84.1,85.96,98.29,79.11
STU00183,5.67,76.73,44.6,95.98,58.64,69.91
STU00651,4.61,61.53,93.19,60.42,40.35,61.64
STU01078,5.41,60.81,94.54,47.94,50.58,60.76
STU00111,5.1,69.62,67.76,92.06,47.23,63.79
STU00371,7.86,70.37,49.71,97.23,82.99,75.75
STU00240,1.98,98.86,51.9,56.98,85.78,60.05
STU00717,6.06,83.0,49.57,96.09,50.56,58.77
STU00781,3.29,92.98,96.22,71.32,81.89,72.87
STU00705,3.55,80.33,78.46,40.73,92.49,72.86
STU00661,3.47,79.12,75.87,97.55,81.12,80.03
STU00814,6.26,72.05,75.41,49.04,79.1,64.97
STU00262,8.42,77.02,63.79,41.69,49.67,60.45
STU00709,4.95,90.14,51.2,96.4,87.16,72.01
STU00658,3.69,64.34,49.1,67.91,78.76,61.77
STU00340,9.42,72.41,74.52,45.59,90.57,71.78
STU00677,9.24,63.46,60.25,64.28,52.58,64.29
STU01114,9.4,59.04,98.28,94.07,56.35,70.17
STU01183,1.77,57.53,64.1,94.98,89.64,65.07
STU00184,3.84,99.68,51.68,53.57,49.64,57.02
STU00138,5.34,79.71,62.64,83.48,83.46,66.34
STU01166,8.75,84.26,88.73,56.35,54.44,73.68
STU00715,8.09,57.5,67.08,40.18,46.61,60.37
STU01070,4.6,93.47,98.01,56.42,51.71,72.05
STU00081,6.98,67.93,70.31,84.27,48.98,70.59
STU00637,7.08,50.03,77.07,63.06,89.8,73.98
STU01016,2.6,54.39,53.92,57.21,87.63,55.62
STU01194,9.78,50.55,45.21,97.32,94.48,69.29
STU00030,7.15,52.97,85.44,51.39,94.54,81.4
STU00846,9.01,52.12,73.37,67.48,53.65,64.94
STU00166,4.34,76.11,63.76,87.4,40.55,57.9
STU00249,4.37,81.3,79.87,54.18,49.55,59.51
STU00308,6.76,72.99,53.8,92.87,57.28,78.64
STU00772,6.12,98.47,80.32,47.13,41.13,56.85
STU00466,7.3,92.55,47.43,87.35,42.98,64.39
STU00347,9.51,62.05,52.38,52.59,93.75,77.23
STU00335,2.19,53.5,56.32,69.83,92.47,65.62
STU00286,4.75,52.54,84.35,42.36,64.82,55.63
STU01099,8.75,50.24,63.52,71.49,71.75,57.45
STU00098,1.79,58.3,52.7,42.84,70.38,56.04
STU00487,5.27,75.14,41.45,72.36,87.1,70.0
STU01042,7.01,53.03,51.27,40.06,59.97,57.22
STU00924,5.88,59.65,88.08,91.03,93.33,74.36
STU00610,4.96,54.34,85.05,52.15,89.09,69.12
STU00689,7.77,92.53,72.81,99.66,64.73,80.41
STU00622,5.41,74.59,84.54,40.85,69.37,73.45
STU00810,9.93,84.38,45.72,49.81,82.54,74.53
STU00766,1.08,53.75,81.44,47.09,54.83,49.25
STU01007,9.3,85.9,70.95,91.43,82.32,77.18
STU00066,5.98,90.31,84.04,65.19,46.92,72.17
STU00644,3.11,97.05,66.84,70.53,84.33,75.52
STU01037,4.08,56.82,59.73,60.42,92.44,58.98
STU00576,5.54,76.11,89.17,73.33,80.91,81.11
STU01089,5.33,59.99,52.52,91.39,90.57,79.76
STU01104,8.55,74.3,78.69,62.42,87.87,79.72
STU00303,5.82,68.55,63.27,82.29,41.37,69.66
STU00255,3.13,67.4,67.17,76.23,89.01,61.46
STU00970,2.87,75.13,66.46,74.55,84.78,68.36
STU00943,2.62,88.34,49.46,99.38,87.27,74.66
STU00313,3.09,81.34,54.98,91.93,85.2,78.63
STU00870,2.84,75.23,48.41,54.13,89.94,60.39
STU00222,5.4,74.15,97.58,77.67,90.4,74.46
STU00478,6.5,72.06,64.08,74.44,83.18,72.6
STU00389,2.07,64.81,96.1,99.43,93.7,75.93
STU00236,8.24,98.79,65.72,66.39,51.89,66.8
STU00853,8.73,72.63,56.26,79.2,75.45,69.06
STU01095,6.27,64.96,47.75,64.0,41.65,53.41
STU00721,5.61,74.7,49.73,89.45,66.62,68.11
STU00306,5.17,75.29,68.1,80.11,67.03,55.16
STU01116,1.63,64.37,85.32,51.63,75.68,62.84
STU01025,6.94,94.92,49.25,46.56,61.97,62.65
STU01109,9.99,79.91,80.88,50.04,57.53,73.18
STU00928,8.67,66.4,90.93,80.88,59.35,72.97
STU01144,8.39,64.4,53.51,57.16,88.97,73.96
STU00250,4.83,60.09,90.78,57.0,98.81,72.1
STU00768,1.28,92.45,51.31,75.33,49.37,52.42
STU00603,9.13,56.75,54.69,46.35,63.05,62.44
STU00072,4.68,69.04,91.85,76.65,54.67,67.42
STU00095,3.71,67.29,93.02,85.12,81.52,69.57
STU00554,9.16,90.59,94.8,68.44,79.06,79.24
STU00034,4.33,83.98,59.35,64.94,84.41,66.95
STU01092,6.8,85.41,40.15,54.67,75.31,68.09
STU01161,1.31,91.54,82.66,70.1,40.87,55.69
STU00979,5.79,62.84,67.3,69.35,83.44,78.16
STU00449,1.49,95.38,86.05,62.0,46.18,62.89
STU00446,7.39,73.19,75.27,55.59,79.18,69.98
STU00260,6.35,68.92,53.55,44.89,43.33,58.67
STU00205,1.13,59.47,41.89,41.21,42.63,42.63
STU00771,3.17,65.61,99.2,57.04,48.88,58.07
STU01172,7.64,66.34,48.43,63.84,42.81,56.16
STU00594,6.39,84.45,72.94,90.15,67.82,72.1
STU00366,4.77,73.05,96.69,45.42,84.01,74.89
STU00728,1.59,85.57,47.73,84.49,51.89,57.01
STU00078,6.96,55.16,51.58,74.29,80.83,70.34
STU00085,1.2,96.34,88.94,51.07,91.59,73.66
STU00912,8.89,76.66,96.21,70.94,73.03,79.4
STU00083,8.33,71.58,46.35,65.54,76.16,74.7
STU00458,5.13,92.33,65.9,97.21,65.37,78.78
STU01159,4.93,99.45,77.36,43.91,80.08,70.67
STU00437,2.12,70.17,78.99,58.8,51.05,60.97
STU00597,7.33,78.44,79.31,47.05,58.73,64.6
STU00901,5.22,87.36,96.55,41.13,89.42,72.63
STU00405,9.97,61.76,47.14,72.3,50.21,67.04
STU01050,3.22,67.27,89.3,67.82,87.12,67.47
STU00616,7.6,77.29,82.54,51.13,68.11,60.06
STU00922,8.61,51.64,66.04,64.83,43.86,69.1
STU00105,8.01,91.34,56.63,43.65,82.61,66.66
STU00725,1.93,61.22,51.43,52.09,56.9,53.03
STU00614,9.86,61.85,81.89,46.81,51.32,62.47
STU00063,6.09,66.2,45.42,93.4,56.29,57.75
STU00282,2.63,53.34,91.22,94.88,74.88,69.53
STU00671,2.23,65.16,40.98,99.9,77.95,68.52
STU00239,1.16,96.81,89.38,87.7,93.07,75.61
STU00224,9.6,69.32,95.91,41.87,77.77,69.2
STU00146,3.4,80.36,62.52,83.02,88.04,63.8
STU01197,2.99,62.88,92.17,51.25,74.84,70.94
STU00374,3.83,91.83,42.93,51.82,42.81,50.97
STU00119,4.89,87.17,72.92,96.08,95.22,77.47
STU00965,9.57,93.97,58.88,49.62,68.2,62.06
STU00251,6.87,90.03,99.59,65.44,53.53,74.78
STU01162,6.87,52.59,70.24,70.23,49.34,65.57
STU00010,5.05,70.93,95.92,53.55,74.74,81.97
STU00450,6.55,90.14,62.59,83.05,89.31,84.67
STU01040,2.13,76.86,75.77,53.26,51.91,62.47
STU00390,8.65,58.49,63.12,99.78,74.35,80.28
STU01067,4.6,87.58,77.18,88.65,89.58,74.94
STU00461,6.15,58.1,64.87,98.01,79.05,73.8
STU01110,2.73,94.91,56.68,60.78,48.02,63.68
STU00145,5.26,99.11,71.65,45.41,71.89,62.69
STU00502,8.98,99.21,95.87,79.53,76.8,87.48
STU01113,6.58,69.23,99.28,76.71,71.74,83.96
STU00540,8.53,88.96,40.67,87.74,56.63,65.52
STU00178,9.93,93.57,91.54,44.7,52.5,77.94
STU01164,2.51,94.32,51.07,70.44,58.62,66.97
STU00707,8.13,72.14,59.89,73.21,50.11,64.18
STU00592,5.03,65.38,89.31,83.42,63.26,72.2
STU01179,2.97,56.69,84.72,56.54,49.62,56.28
STU00008,8.07,74.31,57.84,54.79,75.68,78.7
STU00662,8.98,99.68,66.51,93.26,46.64,79.76
STU01126,5.97,99.3,65.94,60.2,50.16,69.09
STU00358,8.19,74.9,81.91,96.81,75.37,78.6
STU00330,3.59,63.67,93.57,94.6,98.59,83.85
STU00713,8.33,95.2,82.67,55.52,68.09,73.55
STU00839,4.77,80.07,61.31,57.78,42.89,52.82
STU00259,1.6,97.28,46.36,82.37,76.16,74.19
STU00902,3.33,56.54,59.15,67.3,45.83,59.27
STU00784,6.43,62.08,50.43,68.3,83.02,66.73
STU00921,1.87,63.7,40.75,45.09,85.8,47.05
STU00838,9.85,51.11,57.09,54.18,82.68,74.09
STU00526,4.28,52.76,75.39,49.15,48.78,46.26
STU00959,5.42,70.71,80.68,41.47,54.38,59.15
STU00667,8.27,96.65,64.58,65.37,87.77,85.6
STU00760,5.15,80.69,58.73,84.5,48.96,58.42
STU01146,3.89,53.32,68.26,42.19,55.85,44.23
STU00441,8.66,87.73,87.22,66.54,48.32,72.14
STU00532,7.35,52.54,52.46,77.61,84.55,69.26
STU00971,3.28,70.89,93.56,58.21,88.08,74.93
STU00229,6.71,88.99,57.31,96.14,75.52,77.86
STU01046,3.94,59.85,60.2,99.69,93.35,72.78
STU00213,2.8,92.11,69.57,73.84,52.26,62.84
STU00080,8.06,79.47,96.65,43.2,61.81,64.01
STU00149,4.95,70.88,59.18,58.57,79.34,56.14
STU00600,6.58,81.09,45.88,46.14,42.45,59.5
STU00716,2.67,60.14,77.95,77.18,98.87,61.97
STU00598,6.7,64.49,52.61,93.08,59.54,71.57
STU00134,4.12,98.27,40.99,74.75,55.05,53.69
STU00790,6.41,57.53,57.3,74.92,76.82,64.59
STU00409,1.96,71.5,51.03,49.69,44.38,48.78
STU01157,1.48,74.44,69.9,64.91,72.76,56.43
STU00508,8.54,70.62,43.46,83.67,57.67,75.27
STU00887,4.55,67.76,77.71,86.55,44.19,63.53
STU00505,5.68,73.7,62.75,94.44,40.74,72.94
STU00683,1.16,70.42,79.56,76.93,61.02,58.44
STU00348,3.28,87.59,51.2,45.47,69.0,54.27
STU00387,7.46,67.23,81.21,53.21,41.36,71.15
STU00001,7.97,78.32,75.79,57.21,66.21,65.62
STU00361,9.38,99.94,79.17,58.93,99.47,86.47
STU01139,1.46,78.39,49.27,47.87,79.34,47.92
STU00476,3.74,96.93,53.01,64.4,85.39,61.23
STU00786,4.25,96.33,44.83,94.92,97.04,76.72
STU00762,2.35,70.86,97.86,72.51,61.83,67.78
STU00173,3.3,70.25,85.06,80.84,59.02,64.32
STU00451,1.38,63.3,62.81,96.98,68.76,62.79
STU00126,5.45,93.94,49.06,87.96,60.48,65.89
STU01122,2.01,53.35,92.09,72.58,40.56,49.65
STU00531,7.19,97.26,75.66,83.87,85.95,84.79
STU00091,2.37,73.09,97.55,42.33,53.5,49.0
STU01167,8.41,63.17,91.64,79.53,86.37,80.39
STU00182,9.04,51.79,90.17,90.17,53.44,67.78
STU00668,9.99,60.19,50.92,88.93,48.48,56.57
STU01012,6.4,72.77,48.04,58.22,44.48,55.58
STU00252,8.81,80.89,65.21,56.66,65.3,66.8
STU00070,4.93,74.68,60.32,74.55,78.12,64.61
STU00132,9.33,74.83,78.35,94.41,77.79,81.94
STU00301,8.01,83.59,81.33,48.6,73.8,73.43
STU00678,5.47,66.04,76.66,,67.06,69.86
STU00327,8.24,67.88,87.08,72.2,66.37,83.39
STU01180,2.88,84.69,44.42,79.33,79.95,70.06
STU00500,5.61,86.09,65.21,94.31,45.55,77.27
STU00674,7.31,99.25,83.41,91.75,52.46,85.23
STU01108,4.51,71.56,88.6,65.67,77.41,75.93
STU00496,5.94,76.15,45.31,59.39,75.01,67.01
STU00339,1.76,90.75,82.4,69.86,53.64,69.91
STU00975,3.89,67.6,70.43,90.92,53.41,65.86
STU00165,5.99,73.09,76.24,43.5,54.14,61.14
STU00029,2.39,96.78,77.9,78.56,87.21,77.99
STU00517,3.83,66.84,54.65,75.37,42.4,56.47
STU00194,8.48,52.99,47.46,49.21,61.32,62.16
STU00788,3.87,84.65,91.84,49.25,57.68,55.68
STU00170,9.58,67.21,99.73,77.84,77.27,91.59
STU00718,1.92,86.24,80.4,87.27,51.56,66.99
STU00174,9.42,90.45,89.61,89.07,92.37,87.99
STU00519,1.13,82.92,42.07,59.08,64.41,50.52
STU00931,3.66,60.11,96.65,86.24,56.53,69.3
STU01064,6.63,54.64,57.29,44.98,84.07,57.8
STU00492,6.83,95.66,98.88,85.89,66.9,79.34
STU00074,3.11,79.24,71.19,60.75,75.07,58.41
STU00993,8.14,86.05,98.45,83.79,47.95,75.62
STU00588,4.05,84.3,72.93,48.03,51.45,65.99
STU00235,9.4,60.29,71.26,57.42,76.9,77.08
STU00215,7.44,56.35,56.27,65.85,51.82,70.62
STU01174,7.77,62.54,66.74,66.79,99.72,70.19
STU00133,6.23,76.82,81.43,74.41,87.25,72.42
STU01027,9.53,85.26,45.18,90.97,81.2,78.99
STU00873,9.81,63.97,78.5,78.87,61.7,78.42
STU01107,2.04,76.09,69.79,45.19,78.13,71.12
STU00186,6.95,52.02,66.72,95.67,59.97,66.16
STU00042,8.49,66.02,49.62,41.81,65.5,61.85
STU00109,1.87,52.63,71.94,66.34,80.95,62.39
STU00858,8.91,73.74,58.52,75.04,87.97,77.04
STU00569,4.3,56.63,74.43,72.19,89.69,64.59
STU00740,4.75,52.13,62.59,88.7,40.06,56.16
STU01106,7.97,66.23,74.03,57.82,92.88,68.98
STU01160,7.97,57.51,70.86,95.93,58.53,78.19
STU00484,3.85,64.39,59.74,58.58,62.7,63.16
STU00469,2.34,52.53,95.84,94.61,95.02,82.17
STU00025,8.01,58.6,94.02,80.11,64.68,77.21
STU00669,3.67,76.43,83.9,87.58,71.1,70.21
STU00940,1.9,92.21,71.25,61.97,62.85,66.71
STU00761,7.4,80.74,98.93,54.57,95.77,88.79
STU01006,4.54,79.38,88.75,59.31,83.61,72.91
STU00367,7.97,54.06,66.72,69.88,61.98,63.03
STU00849,2.34,57.34,92.77,73.28,66.08,69.65
STU01058,2.82,89.68,94.14,46.44,70.82,59.63
STU00384,5.31,63.4,61.08,54.05,80.43,69.76
STU00455,1.83,97.19,85.48,89.69,85.1,75.81
STU00265,9.29,82.66,69.5,96.96,95.32,91.8
STU00769,2.0,73.62,44.6,48.8,51.65,49.39
STU00992,7.76,78.19,81.92,69.8,81.44,71.5
STU00445,3.44,59.27,52.57,68.83,67.65,48.64
STU00396,5.09,84.07,74.78,40.85,98.45,71.25
STU00758,9.37,53.91,43.41,58.83,59.97,58.53
STU00177,4.92,82.58,81.8,82.27,67.91,68.64
STU00019,8.45,83.83,44.04,59.24,72.43,73.88
STU00714,9.12,77.47,79.39,89.18,59.63,77.83
STU00823,3.65,50.69,85.6,76.82,78.5,65.96
STU00596,3.5,64.75,68.37,71.15,64.7,62.72
STU00062,5.24,70.06,80.74,94.5,93.17,73.66
STU00273,1.48,55.37,63.92,46.69,67.17,54.67
STU00440,6.67,86.49,42.74,89.29,73.89,68.0
STU00279,8.88,74.31,84.74,41.2,61.0,77.42
STU00851,2.61,99.38,98.28,90.53,93.0,83.52
STU00369,4.0,73.86,90.47,65.93,47.45,62.95
STU01000,3.53,83.15,78.88,63.84,63.77,58.5
STU00850,9.65,66.81,68.35,41.22,50.96,61.37
STU00869,1.9,62.94,97.09,99.51,79.43,77.89
STU00729,5.1,50.92,81.33,90.4,97.27,78.41
STU00782,9.27,68.91,55.44,59.21,63.07,61.88
STU00548,1.72,76.58,87.9,81.42,84.92,67.97
STU00890,7.16,73.33,66.0,72.02,93.52,75.62
STU00911,7.88,75.96,96.0,75.34,86.34,83.1
STU00457,9.82,61.23,79.65,57.58,76.13,69.96
STU00394,7.17,70.14,99.31,59.41,80.5,81.34
STU00676,4.53,89.92,94.41,42.52,47.7,57.05
STU00923,6.55,63.97,82.46,86.4,44.11,65.64
STU01178,4.31,80.11,55.4,44.92,60.7,50.15
STU00376,2.33,61.26,61.28,52.14,42.91,41.44
STU00413,1.81,88.59,81.61,95.79,97.76,77.63
STU00075,1.52,56.4,62.09,87.44,71.16,54.42
STU01121,6.97,51.63,71.25,66.81,67.95,63.69
STU00875,7.47,69.49,82.25,69.74,70.95,82.33
STU00501,7.63,95.89,63.04,57.7,73.24,71.2
STU00809,5.57,57.63,46.57,92.5,65.75,63.21
STU00617,7.75,88.02,96.89,80.74,41.88,72.19
STU00115,2.59,51.93,53.96,91.13,59.44,55.39
STU00418,7.99,78.56,75.8,67.17,42.27,56.12
STU00602,7.85,81.18,75.65,88.37,52.07,77.54
STU00605,9.67,83.74,45.07,84.77,73.17,79.26
STU00090,5.51,78.4,76.52,62.88,99.98,79.6
STU01154,2.38,77.41,71.15,68.95,42.73,52.84
STU00499,4.25,98.03,77.38,81.21,55.74,75.34
STU00886,4.39,63.17,78.32,56.81,40.91,59.21
STU00893,3.19,78.6,74.74,99.77,72.07,71.71
STU00891,4.06,68.06,61.16,71.5,72.74,59.6
STU00012,9.34,91.33,98.48,59.65,80.86,84.29
STU00397,8.43,59.6,77.61,45.71,66.58,61.04
STU00763,1.43,78.59,48.55,79.57,46.07,49.53
STU00556,3.1,78.93,60.18,40.38,95.7,62.32
STU00043,7.3,68.04,52.14,88.95,56.5,75.64
STU00168,8.27,56.98,46.0,60.22,59.1,49.59
STU00417,2.29,50.22,56.95,55.04,62.51,55.55
STU00577,9.19,85.64,79.23,76.71,55.34,80.03
STU00268,2.38,61.43,44.21,55.44,61.45,48.97
STU00915,9.84,50.71,57.51,46.86,46.25,54.92
STU00427,3.15,68.58,67.91,79.12,48.26,59.16
STU00691,3.56,61.39,92.49,45.06,58.76,57.75
STU00545,2.27,85.5,57.02,68.46,57.89,56.02
STU01128,7.18,59.91,49.21,55.56,89.04,60.25
STU00675,6.36,95.31,92.15,52.7,80.97,71.0
STU00690,5.87,72.31,95.15,76.28,84.75,72.9
STU01133,1.86,91.34,68.41,60.6,58.57,62.79
STU01182,2.07,61.88,87.52,99.86,72.35,79.9
STU00994,2.91,52.94,41.7,52.16,46.85,44.78
STU00894,1.89,60.69,69.49,46.43,91.34,62.18
STU00258,1.95,71.89,73.93,66.25,72.98,59.82
STU00336,6.53,74.06,67.6,55.81,70.0,69.3
STU00016,3.05,76.1,46.44,81.67,40.95,51.04
STU00913,9.11,58.9,72.76,92.65,98.98,78.41
STU00325,8.64,85.41,50.08,52.44,73.15,70.0
STU00608,2.03,72.34,46.65,43.7,49.8,53.75
STU01059,5.88,52.94,41.23,74.46,73.27,68.05
STU00799,7.53,92.28,49.26,49.42,74.47,77.42
STU00223,6.97,72.82,53.7,72.3,92.75,67.94
STU00180,7.74,71.45,95.57,97.71,94.84,88.13
STU00100,9.66,69.45,69.92,65.8,87.54,71.21
STU00522,4.35,61.01,40.45,87.89,78.05,57.53
STU00023,9.74,94.73,85.92,67.05,79.89,88.11
STU00357,7.88,96.5,92.18,99.34,59.49,88.28
STU00734,4.46,90.53,42.58,68.44,60.81,58.2
STU00972,1.27,62.87,42.18,92.58,92.55,57.37
STU01117,2.24,58.73,76.57,60.69,87.88,73.28
STU00612,6.89,72.05,93.36,61.4,86.48,72.2
STU01150,9.04,51.19,91.12,46.65,79.12,69.27
STU00341,2.24,91.03,45.59,44.38,77.29,57.54
STU00432,7.95,93.09,67.07,61.3,94.93,76.74
STU00791,2.95,54.42,51.7,52.06,65.6,47.52
STU00218,2.11,77.17,91.65,56.79,69.2,56.67
STU00204,2.3,65.53,85.21,50.69,50.0,56.72
STU00917,1.65,63.23,84.25,65.87,89.57,59.96
STU00934,7.84,96.43,54.56,68.89,93.74,88.23
STU00094,4.43,66.04,95.4,72.55,56.12,67.47
STU01192,4.54,87.8,59.68,41.01,81.27,73.37
STU00069,1.28,74.93,75.48,62.8,66.55,61.98
STU00906,6.87,85.52,42.84,63.85,64.87,64.23
STU00285,6.14,81.88,57.12,98.47,95.98,77.51
STU00697,7.68,82.79,45.01,66.69,97.86,72.44
STU00086,1.81,96.64,63.0,45.67,90.73,59.66
STU00435,1.36,99.15,81.03,47.44,82.75,59.43
STU01103,8.18,73.58,40.04,60.54,48.3,66.71
STU00154,5.99,65.19,97.0,85.08,98.84,78.09
STU00076,3.53,66.05,43.02,92.7,73.27,66.87
STU01048,8.0,81.35,85.39,52.9,53.17,80.83
STU00581,5.49,58.49,76.82,83.55,53.15,71.38
STU00447,9.82,64.47,53.95,54.49,70.56,74.29
STU00704,8.87,57.77,85.65,61.02,77.56,77.46
STU00189,7.72,95.15,67.07,60.94,95.16,75.8
STU00272,2.57,59.4,66.84,52.22,60.62,46.34
STU00237,5.21,60.94,67.86,81.14,93.74,77.96
STU00488,3.03,75.26,96.48,77.02,73.29,71.32
STU01165,2.32,83.26,98.4,66.3,81.66,78.14
STU00560,5.44,96.09,94.84,52.44,89.14,81.07
STU00118,7.48,51.33,53.6,88.11,80.08,63.53
STU00638,7.42,71.6,40.3,92.09,52.25,76.22
STU01082,9.21,59.41,82.31,42.79,53.41,66.86
STU00751,3.34,97.6,40.05,50.97,57.27,54.83
STU00513,1.5,99.0,72.0,86.25,60.82,63.08
STU00634,4.35,59.04,53.81,86.38,65.62,52.45
STU00794,1.7,53.56,82.0,79.2,40.57,61.43
STU01019,1.36,97.37,43.44,66.8,61.04,47.78
STU00862,7.58,63.29,81.77,64.89,40.92,56.98
STU00127,3.97,68.65,94.81,97.71,52.97,71.47
STU00117,7.83,78.13,48.75,83.82,84.93,72.35
STU00474,2.21,56.41,54.97,50.49,91.58,48.37
STU00741,1.01,61.18,58.2,47.65,97.71,61.03
STU01005,6.69,66.16,92.68,82.0,70.53,72.93
STU00058,6.12,90.99,46.07,65.02,77.81,66.68
STU00604,7.49,84.68,84.74,76.87,48.79,66.21
STU00787,8.32,62.89,83.62,58.19,74.12,67.73
STU00983,7.67,91.91,95.34,90.99,67.9,82.04
STU00657,8.68,61.2,77.04,41.83,50.69,64.55
STU00964,2.13,71.26,75.79,88.81,95.91,78.71
STU00933,4.64,99.54,41.57,79.24,80.85,69.98
STU00106,7.45,96.38,43.2,49.19,74.33,66.43
STU00636,1.98,54.76,82.37,50.31,45.51,55.13
STU00370,9.09,74.72,99.46,48.6,59.91,77.97
STU00269,2.04,86.1,74.49,77.21,56.57,62.08
STU00656,4.13,99.94,69.73,44.24,71.82,60.76
STU00047,4.49,80.52,42.94,61.0,48.27,58.21
STU00350,1.86,63.64,41.98,57.72,56.61,54.32
STU00774,8.64,68.45,99.08,49.94,91.76,79.03
STU00196,2.61,57.79,94.8,79.19,53.41,57.42
STU00103,3.39,87.78,97.03,74.44,50.79,77.56
STU00005,1.85,51.33,88.35,96.13,88.89,69.73
STU00620,1.37,80.99,54.08,81.07,61.2,55.25
STU01003,2.16,94.74,71.41,99.2,85.62,74.07
STU00053,8.08,55.77,78.49,58.55,88.34,76.16
STU00264,2.29,66.04,54.76,60.62,48.69,43.35
STU01098,8.34,52.16,85.5,68.71,90.45,76.38
STU00444,2.74,60.03,54.72,95.48,55.68,69.58
STU00984,5.22,57.11,73.41,98.88,91.96,79.71
STU00783,5.09,92.59,69.49,53.5,59.46,61.4
STU00856,5.23,73.99,88.24,60.06,52.18,65.94
STU00692,9.07,87.97,94.96,43.92,79.79,78.38
STU00305,8.72,90.61,82.57,62.46,89.53,85.83
STU00342,9.63,62.04,90.66,51.14,73.78,73.72
STU00877,4.55,98.83,69.01,72.18,49.89,62.74
STU00314,4.31,87.36,48.37,63.18,96.16,70.18
STU00150,1.19,55.92,57.64,52.02,81.47,57.48
STU00125,1.37,66.54,94.73,89.18,68.46,66.88
STU01068,7.17,75.38,58.08,60.42,82.93,71.18
STU00575,8.67,81.92,70.34,87.34,79.01,85.32
STU00698,6.32,63.75,63.42,75.36,58.38,63.73
STU00665,4.08,81.95,62.44,81.15,43.31,65.41
STU00051,2.8,54.99,79.44,57.84,52.1,57.74
STU00727,3.21,67.61,72.5,43.53,58.38,51.85
STU00800,7.37,76.0,95.91,86.7,68.5,92.06
STU00834,7.1,71.06,46.0,62.32,44.27,52.15
STU00354,6.15,68.46,44.85,82.9,53.04,60.08
STU01158,1.0,75.03,95.55,99.37,44.52,65.15
STU00143,9.44,74.09,60.38,91.39,75.71,63.94
STU00471,4.64,65.29,77.29,63.57,97.38,70.72
STU00654,3.14,87.8,86.97,71.85,50.47,57.68
STU00400,4.98,63.24,86.22,50.82,72.57,67.65
STU00909,3.27,67.08,75.98,85.38,43.46,63.02
STU00927,2.44,66.95,64.39,83.45,79.03,57.83
STU00321,9.25,64.57,70.74,53.07,77.36,62.02
STU00020,6.68,53.3,95.89,97.86,73.14,76.32
STU00685,6.71,66.68,85.66,93.8,93.03,82.41
STU00036,2.71,54.96,97.42,43.71,,73.21
STU00825,8.53,72.83,48.34,75.53,40.62,66.76
STU00506,8.2,99.33,78.93,45.73,77.93,71.04
STU00828,3.08,68.89,51.69,48.29,86.12,67.89
STU01076,3.9,51.82,65.94,48.54,68.67,53.15
STU00408,8.53,63.23,83.86,49.15,95.79,75.64
STU00818,5.83,51.6,40.78,40.84,90.14,66.98
STU00538,2.47,60.8,45.15,91.36,79.95,65.69
STU00759,1.44,92.49,94.96,69.17,80.22,70.49
STU01074,9.42,92.12,64.57,56.87,49.3,67.05
STU00904,5.33,96.85,99.96,67.62,85.52,77.8
STU00039,3.04,58.81,66.23,88.27,47.38,58.47
STU00176,1.4,54.04,77.19,69.48,64.72,59.95
STU00246,8.81,78.43,92.9,70.5,99.93,99.08
STU00811,1.04,52.37,61.1,62.28,42.83,40.23
STU01090,5.11,64.62,69.9,83.72,45.09,71.43
STU00974,9.25,57.59,49.79,61.85,71.62,66.75
STU00785,9.86,80.93,43.46,90.52,83.0,75.13
STU01191,5.04,79.61,88.23,69.46,46.49,68.38
STU00490,6.09,69.76,47.61,50.69,76.51,57.53
STU00155,1.98,93.72,57.11,67.88,53.67,63.04
STU00639,7.96,88.46,51.06,72.22,96.64,84.44
STU00663,2.69,99.51,54.67,56.99,46.37,56.73
STU00854,9.21,92.13,69.34,79.63,61.62,71.71
STU00288,4.36,73.45,80.28,90.96,64.98,77.27
STU00626,4.7,53.59,48.48,92.37,78.76,65.3
STU01132,5.65,68.84,40.99,94.97,54.87,62.95
STU00686,4.09,66.53,58.98,49.38,94.75,72.47
STU01020,5.05,65.74,91.02,70.73,64.6,67.61
STU00938,2.09,88.7,92.99,91.94,80.08,83.44
STU00570,5.86,91.36,51.0,67.57,58.94,65.51
STU01149,5.42,54.45,46.87,92.13,62.1,55.07
STU00735,1.54,85.59,83.28,90.42,90.38,73.49
STU00793,3.86,66.99,73.21,71.14,75.08,68.09
STU00018,1.57,78.2,71.66,49.58,70.04,63.68
STU00128,2.3,78.25,94.15,54.94,69.1,62.06
STU00323,3.96,94.14,61.32,60.76,65.9,69.06
STU00256,7.71,54.53,95.62,53.19,56.48,61.4
STU01030,4.63,82.69,89.3,55.9,87.51,71.43
STU01188,9.91,52.24,69.05,84.98,62.68,78.19
STU00191,9.43,96.79,86.06,53.29,40.41,65.42
STU00116,8.71,84.02,90.2,89.94,88.89,85.39
STU01179,2.97,56.69,84.72,56.54,49.62,56.28
STU00900,5.7,61.92,41.59,86.23,43.22,55.21
STU00607,8.8,53.7,75.4,51.4,61.28,78.62
STU00181,9.02,71.55,41.56,45.1,94.64,62.66
STU00302,2.21,98.03,71.96,88.62,57.67,64.79
STU00497,4.88,59.43,98.47,75.46,99.48,84.28
STU00349,6.31,65.69,69.82,92.54,93.66,75.29
STU01041,1.83,64.84,55.84,52.04,62.62,47.88
STU00995,9.31,79.89,84.43,52.68,86.32,74.31
STU00745,5.57,91.22,89.62,83.81,73.04,77.76
STU01121,6.97,51.63,71.25,66.81,67.95,63.69
STU00967,9.58,94.69,81.64,85.3,61.5,80.11
STU00518,7.68,80.32,91.26,91.91,95.08,87.6
STU00373,4.28,77.61,93.25,71.31,90.23,75.58
STU00046,8.24,63.24,74.29,85.35,58.09,67.71
STU00477,4.85,86.42,56.47,78.95,74.64,75.45
STU00158,6.93,73.18,55.74,56.69,54.58,60.23
STU01069,1.21,86.17,58.62,92.49,47.7,51.97
STU00172,5.64,97.37,73.46,97.68,44.25,73.93
STU00017,5.99,65.74,54.2,61.93,54.18,65.14
STU00512,8.58,69.14,48.95,89.66,55.05,69.31
STU00049,7.14,94.42,74.98,54.82,48.2,75.04
STU00192,3.17,91.87,93.59,59.49,91.3,84.71
STU00547,4.53,87.2,59.46,41.87,83.4,58.45
STU00516,2.56,88.51,49.3,56.07,63.76,60.09
STU01011,6.94,99.99,79.53,91.85,70.83,80.47
STU00950,4.05,54.66,63.56,57.03,98.04,62.91
STU00829,8.86,76.52,78.89,54.21,43.54,65.23
STU01142,8.09,53.46,72.65,53.54,75.66,66.76
STU00481,4.68,87.24,49.71,62.17,97.46,73.1
STU01134,7.55,,49.86,54.2,54.96,63.23
STU00284,3.24,61.4,74.96,67.82,43.09,53.35
STU01035,4.77,87.43,44.56,78.91,72.97,66.85
STU00798,2.49,66.75,45.65,85.39,64.82,49.19
STU00951,5.78,82.81,41.97,44.23,42.21,52.52
STU00226,9.32,69.58,65.35,72.7,76.55,78.91
STU00027,5.2,73.5,44.12,93.11,50.74,66.47
STU00283,3.13,79.65,49.21,82.77,65.0,66.59
STU01171,4.55,73.11,85.72,78.65,63.13,69.67
STU00438,5.54,96.17,56.23,90.81,46.46,64.54
STU01173,3.32,65.27,58.42,40.26,72.13,52.54
STU00365,6.92,89.57,44.35,60.69,78.93,68.28
STU00230,1.95,72.3,54.48,77.46,41.53,46.13
STU00038,5.28,71.14,79.86,53.0,40.65,60.61
STU00670,4.67,91.64,66.91,85.42,45.8,64.37
STU00750,8.57,96.25,51.03,89.94,67.29,71.4
STU01186,8.41,88.11,88.04,92.08,61.97,85.26
STU00375,2.42,55.43,85.25,44.58,50.46,51.5
STU00470,5.58,93.37,42.17,50.86,69.42,62.69
STU00883,9.42,84.0,56.54,87.42,50.4,75.25
STU01187,4.59,99.36,63.43,59.13,42.56,61.67
STU00688,9.63,59.44,67.22,52.98,48.59,58.85
STU00033,3.93,59.77,75.17,75.93,80.94,67.82
STU01023,9.93,70.81,79.54,78.32,83.26,81.17
STU01044,6.97,62.73,61.86,42.34,74.04,66.35
STU00195,2.38,91.74,57.72,73.74,75.73,62.42
STU01111,2.39,99.75,97.54,87.61,97.67,76.86
STU01119,3.44,74.81,72.6,70.4,92.13,78.58
STU00963,2.19,69.64,75.11,56.45,84.68,64.62
STU00504,5.53,81.91,99.82,58.35,60.13,68.82
STU00916,9.58,96.38,43.84,58.02,51.9,66.5
STU00989,4.08,63.17,66.36,78.63,88.71,75.41
STU01189,2.23,87.4,86.76,48.21,97.0,72.72
STU01093,3.6,80.53,91.36,83.62,71.06,71.91
STU00801,7.65,92.14,85.69,,71.9,68.59
STU00580,4.07,73.38,92.51,93.93,89.74,80.35
STU00161,1.97,83.42,77.06,99.29,49.52,64.64
STU00681,1.6,75.28,53.32,40.44,41.56,48.22
STU01136,3.86,84.49,87.72,84.76,73.16,68.88
STU00163,3.07,80.94,84.8,45.3,69.18,55.92
STU00822,6.35,55.43,88.71,50.82,58.71,61.44
STU00706,6.05,72.23,80.56,47.54,61.75,59.18
STU01181,7.76,92.38,85.94,58.52,70.05,65.32
STU00878,3.87,59.32,72.0,54.27,74.68,55.96
STU00896,8.93,67.13,97.98,61.46,57.47,67.69
STU00914,9.86,80.66,77.0,47.32,81.16,82.03
STU00059,2.26,76.3,56.39,92.77,41.4,56.0
STU00153,2.26,64.22,78.62,67.04,54.27,53.35
STU00991,6.6,55.76,48.3,54.13,89.2,64.06
STU01015,4.08,96.12,57.97,59.39,71.42,60.64
STU00510,2.04,64.2,74.07,71.11,56.91,68.46
STU00112,2.82,96.2,65.19,85.5,67.94,68.3
STU00227,1.22,54.49,73.62,56.24,66.09,63.02
STU00998,1.02,75.61,46.61,50.91,94.44,60.2
STU00852,2.8,50.81,73.18,98.42,66.69,60.75
STU00104,9.72,62.87,89.75,81.06,92.7,91.63
STU00422,1.33,75.95,80.75,51.6,73.65,54.41
STU00420,9.2,51.93,95.4,83.28,47.36,85.82
STU00968,2.47,71.3,78.84,42.23,76.98,53.14
STU00625,9.8,86.88,58.85,53.1,95.95,78.45
STU00587,2.6,66.51,43.64,46.25,45.16,42.98
STU01066,9.79,56.33,87.58,64.51,59.93,71.44
STU00920,5.98,62.01,58.67,54.72,46.02,55.32
STU00673,9.98,99.28,88.95,88.42,96.67,87.23
STU00120,6.65,92.61,52.91,68.51,64.48,75.6
STU00054,6.98,80.98,87.41,52.19,47.52,67.71
STU00152,9.07,91.89,69.96,70.69,84.51,81.43
STU00404,2.0,90.72,75.75,54.46,67.55,56.21
STU01195,8.86,79.76,42.66,58.95,74.32,81.46
STU00208,7.1,54.71,53.95,77.78,79.05,63.37
STU01140,7.05,53.46,58.21,78.3,90.16,67.17
STU00659,6.31,62.52,52.93,97.37,51.52,70.26
STU01102,4.03,87.83,74.23,66.66,41.64,63.04
STU00233,9.7,51.76,93.27,64.82,42.79,70.89
STU00009,2.15,63.01,59.79,51.94,66.17,54.36
STU00160,7.92,58.17,41.86,49.9,82.88,54.67
STU00037,2.17,60.35,75.25,89.33,44.42,60.35
STU00453,7.39,62.74,88.9,72.83,55.49,78.98
STU00652,9.06,95.29,45.85,48.99,74.47,69.41
STU00254,3.23,97.44,84.67,63.46,47.22,71.07
STU00304,5.63,71.25,88.74,71.82,76.86,76.31
STU00897,3.5,51.95,85.38,68.74,47.43,66.49
STU01054,2.25,79.38,42.11,47.47,55.08,45.01
STU00881,4.68,69.59,79.88,67.55,92.05,68.87
STU00572,8.6,88.72,79.05,82.41,99.82,95.5
STU00624,5.18,80.1,74.24,49.17,40.37,54.92
STU00346,8.16,69.6,86.97,,90.1,81.14
STU01036,6.82,93.81,73.72,43.18,45.78,57.04
STU01031,6.06,66.95,73.75,56.38,80.26,61.46
STU00263,3.79,59.14,63.65,80.55,58.12,58.82
STU00611,5.98,61.12,57.58,81.96,56.06,63.89
STU00298,8.22,81.55,41.93,64.0,78.61,74.44
STU00990,8.15,96.48,56.11,93.01,67.78,87.28
STU00415,1.26,91.76,41.7,73.91,64.28,60.78
STU00151,8.44,89.74,72.6,45.09,53.67,71.21
STU00946,3.21,96.46,80.31,56.49,44.06,56.75
STU00473,2.07,88.0,41.22,65.18,89.51,54.25
STU00953,3.2,88.51,42.32,40.1,85.58,59.93
STU00988,1.45,79.21,96.67,94.76,88.88,82.95
STU00779,7.96,86.71,40.26,93.78,91.04,81.39
STU00641,7.65,51.61,62.78,86.98,47.75,78.44
STU01196,2.73,99.56,99.86,50.89,62.58,64.76
STU01135,9.79,71.42,82.31,94.56,56.05,77.6
STU00551,5.22,82.02,49.21,55.0,94.79,62.88
STU00640,8.79,86.67,78.13,79.32,49.33,81.62
STU00936,2.86,76.59,61.08,45.4,97.14,65.67
STU00929,6.26,54.49,70.39,54.06,94.38,72.73
STU00489,6.15,79.13,46.5,44.39,58.43,59.23
STU01086,7.7,54.68,84.98,60.87,42.52,66.76
STU00147,3.98,71.25,98.2,55.01,75.71,67.91
STU00403,8.03,83.89,43.68,91.11,50.21,68.49
STU00955,9.46,80.12,69.73,55.02,45.15,64.19
STU01148,8.21,91.78,99.86,77.03,80.05,84.9
STU00660,4.57,63.14,56.19,56.74,43.81,56.27
STU00464,3.71,60.55,46.26,75.17,93.14,77.37
STU00187,4.36,85.29,60.06,97.61,77.99,77.54
STU00609,7.59,70.45,44.77,66.93,53.59,64.93
STU00144,6.15,78.22,54.99,70.65,99.03,76.97
STU00752,3.9,50.6,75.91,44.1,43.86,50.91
STU00982,8.36,98.38,91.98,87.44,99.66,92.28
STU00198,8.87,95.79,64.41,86.7,68.27,85.05
STU00884,5.21,59.07,45.65,54.49,75.04,59.86
STU00280,8.66,73.9,60.48,65.12,83.04,75.81
STU00294,1.89,89.09,99.22,71.39,61.86,78.61
STU01094,3.32,65.38,76.6,91.27,90.84,73.17
STU00401,3.72,95.66,99.89,82.97,55.44,71.78
STU00123,1.76,50.27,62.09,91.06,56.55,44.09
STU00203,5.51,98.44,67.4,58.74,86.01,81.59
STU00836,6.1,89.14,47.95,74.04,80.12,68.24
STU00247,6.43,95.62,83.76,83.94,53.78,81.34
STU01145,4.75,86.19,59.8,44.3,42.24,46.55
STU00385,4.39,80.31,53.0,62.32,43.26,51.16
STU00855,2.91,66.2,42.24,71.68,57.32,51.42
STU00220,4.58,98.59,94.13,90.46,66.25,67.47
STU00642,8.21,78.5,95.46,89.69,88.71,91.12
STU00002,4.95,77.55,87.54,47.8,52.52,64.7
STU00113,3.75,78.95,47.17,99.53,63.24,71.85
STU00699,6.88,53.25,55.46,71.98,41.41,57.24
STU00952,3.24,51.71,46.97,81.0,62.95,50.57
STU01084,8.59,85.19,73.78,84.23,97.59,91.94
STU00442,2.4,54.89,65.98,85.21,57.6,52.88
STU00664,1.76,76.34,92.97,89.02,84.4,79.14
STU01101,1.07,97.44,64.84,98.65,89.99,72.58
STU00318,7.17,97.8,99.45,72.69,86.0,80.04
STU00649,7.1,70.61,95.12,51.75,72.24,68.95
STU00710,5.29,94.65,96.26,77.65,75.49,85.52
STU00973,2.07,75.13,91.31,49.76,54.57,60.35
STU00628,1.76,74.08,91.58,50.59,89.04,62.62
STU00633,1.33,72.53,55.23,83.94,79.48,63.02
STU01177,5.18,93.61,89.21,65.84,85.34,83.08
STU01112,4.81,53.94,82.44,54.76,46.29,55.39
STU00796,4.12,87.69,63.28,66.35,78.02,66.67
STU00646,8.72,81.33,98.52,55.8,56.23,74.99
STU01013,5.26,93.63,70.67,80.51,80.74,69.74
STU00557,3.63,57.05,49.42,94.46,75.74,73.39
STU00682,2.82,81.83,46.83,61.32,40.02,55.89
STU00578,6.28,72.37,82.6,99.15,83.29,87.89
STU00525,2.08,74.78,43.6,99.79,48.72,64.74
STU01060,7.31,71.45,87.51,49.34,55.15,59.35
STU00541,9.9,62.28,99.2,63.43,60.38,76.15
STU00749,8.03,50.89,91.51,71.18,80.26,63.2
STU01115,9.83,67.61,95.13,74.02,55.85,79.78
STU00485,1.32,55.89,72.9,72.41,51.98,55.72
STU00096,6.67,68.93,71.33,65.42,68.85,72.19
STU01021,9.03,67.76,91.65,52.92,81.76,81.11
STU00564,6.74,54.5,75.53,63.78,94.01,80.19
STU00743,8.76,70.7,99.76,74.11,75.91,85.15
STU00864,6.13,54.54,68.62,98.16,47.8,54.02
STU00892,9.59,92.63,83.23,91.03,46.33,82.45
STU01039,4.96,68.42,40.43,50.55,68.4,50.52
STU00207,2.19,98.22,76.85,79.97,86.44,67.84
STU00393,6.29,97.46,84.39,44.84,47.34,66.68
STU00795,1.27,73.77,78.87,61.56,74.19,59.44
STU00871,7.69,92.98,97.58,94.34,76.91,85.61
STU00398,3.66,58.77,61.2,67.19,60.67,52.5
STU00767,2.69,86.49,45.77,68.52,79.74,59.67
STU01152,8.91,92.68,73.19,71.79,67.34,75.66
STU01029,7.65,51.94,95.46,51.71,71.52,64.65
STU00643,1.44,57.71,85.88,68.58,89.12,66.39
STU00613,9.73,87.15,85.72,66.96,59.87,69.14
STU00961,5.83,72.41,59.08,99.41,44.8,77.43
STU00726,1.37,52.3,51.58,73.06,94.91,61.44
STU00684,5.08,87.46,86.86,47.79,61.97,66.23
STU00099,2.06,86.16,89.17,41.49,93.33,65.77
STU00805,2.13,55.79,95.69,68.1,72.88,62.21
STU00407,3.56,98.23,59.73,69.72,43.13,59.37
STU00503,9.29,67.6,48.95,73.58,83.56,70.99
STU01072,6.49,80.62,66.83,58.39,57.36,65.73
STU01057,9.19,95.49,96.25,92.93,74.88,87.67
STU00930,7.62,51.26,53.38,73.05,57.92,60.31
STU00780,8.7,60.76,70.43,41.57,85.13,68.47
STU00201,8.0,72.25,64.67,40.93,53.09,61.85
STU00135,6.32,98.18,97.49,50.04,77.86,78.15
STU01052,2.16,88.59,73.55,88.16,91.82,84.94
STU00041,4.93,93.01,99.86,56.59,92.74,78.36
STU01018,8.61,96.48,87.21,72.96,52.11,77.58
STU00231,2.26,96.53,44.95,68.55,40.45,51.62
STU00379,4.45,99.74,55.58,69.61,70.25,73.25
STU00289,5.71,94.84,55.31,95.74,96.24,77.47
STU00419,2.78,99.7,66.08,45.26,57.57,61.44
STU00392,2.1,52.9,44.51,65.39,80.9,52.11
STU00593,3.77,60.83,58.57,73.14,98.7,68.03
STU01087,7.88,94.4,80.58,57.13,55.63,78.6
STU00648,5.63,82.08,78.55,41.25,61.12,65.32
STU00521,8.71,51.22,99.96,97.06,45.19,78.72
STU00065,6.71,78.84,53.3,54.43,79.73,66.45
STU00015,4.99,63.53,69.23,76.15,65.68,62.77
STU01065,3.88,78.1,85.08,74.76,80.38,65.59
STU00493,6.87,62.34,77.06,90.16,91.76,87.13
STU00380,7.57,93.65,48.11,79.11,71.7,72.74
STU00188,1.85,65.09,49.96,47.67,51.38,45.98
STU00764,2.24,57.68,82.9,98.73,50.48,62.22
STU00217,2.18,77.28,51.85,65.67,70.39,68.42
STU00792,4.73,83.71,41.61,85.62,87.47,64.58
STU01077,5.9,77.81,89.6,46.68,76.44,69.25
STU00879,6.48,65.07,59.43,89.71,85.27,67.03
STU00338,7.53,87.4,71.78,78.95,42.39,69.84
STU00720,9.6,97.66,56.37,63.82,74.21,74.23
STU00296,9.12,81.9,49.95,77.2,73.34,72.34
STU01017,7.1,55.7,77.2,48.16,58.01,61.84
STU00456,2.65,70.1,96.37,90.98,92.55,74.64
STU00816,9.08,76.09,84.87,86.51,53.61,74.96
STU00270,1.19,58.44,68.04,68.02,70.19,57.69
STU00996,4.94,90.8,95.62,98.68,77.53,90.82
STU00202,9.75,53.16,80.04,52.4,79.78,75.51
STU00162,9.24,68.84,80.7,59.62,49.54,71.86
STU00730,5.64,71.96,96.64,95.22,88.63,91.51
STU00402,9.27,57.0,69.55,61.43,50.33,61.9
STU00703,2.4,92.44,97.56,99.84,46.76,77.51
STU01130,9.93,74.9,69.06,64.6,42.76,69.71
STU00566,7.03,53.57,72.58,54.93,97.11,65.87
STU01022,7.75,72.62,60.54,96.32,90.73,78.45
STU01026,3.72,62.67,71.72,77.37,49.5,54.4
STU01105,2.24,71.81,83.09,48.03,67.89,66.67
STU00206,3.07,64.3,48.65,49.45,66.38,56.26
STU00035,5.23,60.7,81.84,75.34,59.93,69.03
STU00776,8.68,60.98,42.41,50.18,47.69,57.43
STU00509,5.45,93.78,95.37,94.92,51.04,79.69
STU01190,6.88,53.59,57.56,81.07,69.0,75.28
STU00092,7.27,82.94,64.13,76.02,56.83,71.55
STU00898,2.82,74.73,69.82,69.63,94.04,76.91
STU00565,6.84,56.01,55.43,78.33,93.07,76.68
STU00777,6.57,73.2,92.02,83.42,98.93,87.83
STU00242,8.17,52.46,85.6,78.56,49.04,77.43
STU00014,8.4,69.27,72.25,93.42,96.44,89.7
STU00316,3.95,63.63,53.58,58.29,95.58,64.36
STU00601,5.3,80.52,89.75,52.3,80.91,70.48
STU00388,9.56,77.85,72.35,68.01,71.83,77.68
STU00167,8.47,60.72,42.48,70.75,62.23,68.04
STU00841,1.11,64.24,93.9,,63.49,49.44
STU00021,7.82,50.05,47.43,77.31,82.87,68.0
STU00647,1.04,66.31,67.66,91.27,89.6,64.09
STU01155,5.8,71.31,57.55,95.45,65.81,77.01
STU00832,5.98,75.76,46.73,94.12,50.79,67.63
STU00563,8.59,60.59,46.05,91.6,48.53,65.18
STU01176,7.75,57.5,63.22,44.5,53.26,54.49
STU00687,4.78,56.36,52.32,94.59,92.83,56.61
STU00958,5.66,63.8,68.84,83.45,69.59,65.8
STU00190,3.36,52.26,64.14,81.89,46.19,53.68
STU00976,6.47,78.29,65.46,51.44,42.25,56.31
STU00700,3.69,52.75,50.2,81.28,55.29,47.03
STU00511,1.65,89.39,82.26,59.3,65.52,60.6
STU01083,9.31,66.95,90.3,85.6,87.11,85.79
STU00475,3.5,89.04,47.11,41.74,62.91,56.84
STU00857,7.6,98.9,46.09,48.94,94.71,63.62
STU00748,4.88,96.48,82.7,92.63,77.3,76.44
STU00253,5.09,93.21,88.83,62.0,73.51,75.74
STU00022,4.19,60.61,51.88,56.65,56.48,53.37
STU00460,6.73,51.76,67.47,88.0,51.64,63.65
STU01185,2.58,,94.91,98.02,80.03,74.99
STU00277,3.86,71.83,68.33,40.12,69.28,57.49
STU00956,8.99,92.84,61.38,84.77,76.57,80.06
STU00386,9.88,96.94,81.51,44.31,91.97,79.94
STU00806,2.29,94.25,65.0,75.73,73.39,70.71
STU00344,6.34,58.82,85.89,76.5,95.77,69.68
STU00770,6.58,75.49,76.25,65.92,92.75,74.51
STU00131,2.54,88.75,77.21,96.18,85.46,76.91
STU00872,1.21,72.41,75.69,56.72,92.13,57.15
STU01124,2.59,54.01,62.86,76.75,58.14,58.31
STU00088,5.16,66.46,88.16,97.14,81.7,94.11
STU00331,7.61,65.42,40.16,71.89,57.98,55.1
STU00467,6.84,92.42,64.63,56.88,59.67,72.32
STU00122,6.85,73.29,73.8,70.9,49.66,69.66
STU01045,1.18,69.3,92.74,56.38,67.74,55.53
STU01096,4.69,51.98,88.98,80.12,86.63,75.86
STU01131,9.99,79.02,42.92,58.99,99.55,75.31
STU00861,7.68,97.27,44.76,65.25,65.11,65.71
STU01127,5.51,60.45,46.52,88.26,89.16,66.12
